First Name,Last Name,user_id,email,role,functional_unit,department,team,supervisor,NINO,address,city,county,postal,phone
Thomas Vladimir,Stokes,TVS0006,Thomas.Vladimir.Stokes@dtaa.com,VicePresident,4 - Finance,,,Mona Susan Shannon,VU808873B,,,,,
Wesley Kasper,Duffy,WKD0013,Wesley.Kasper.Duffy@dtaa.com,Director,1 - Adminstration,4 - Safety,,Halla Cathleen Simmons,AF562357C,,,,,
Abel Adam,Morton,AAM0658,Abel.Adam.Morton@dtaa.com,Technician,5 - SalesAndMarketing,3 - FieldService,3 - RegionalFieldService,Hedwig Regina Livingston,BR401068C,2732 Bostock St #1,St. Enoder,Cornwall,TR9 6NJ,01716-613102
Micah Abdul,Rojas,MAR0955,Micah.Abdul.Rojas@dtaa.com,ProductionLineWorker,3 - Manufacturing,3 - Assembly,6 - AssemblyDept,Sandra Beverly Diaz,PF171458C,476 Starkie St,Westgate Ward,Gloucestershire,GL1 1QW,01274-659801
Cyrus Connor,Atkinson,CCA0046,Cyrus.Connor.Atkinson@dtaa.com,ITAdmin,1 - Adminstration,6 - Security,2 - ElectronicSecurity,Frances Alisa Wiggins,MV465010D,41 Canning St,Steornabhagh a Deas Ward,Western Isles,HS1 2PZ,01710-616480
Philip Nathan,Logan,PNL0301,Philip.Nathan.Logan@dtaa.com,ProductionLineWorker,3 - Manufacturing,3 - Assembly,1 - AssemblyDept,Shannon Chantale Price,AQ446283A,9472 Lind St,Desborough,Northamptonshire,NN14 2GH,01559-403415
William Trevor,Fuentes,WTF0387,William.Trevor.Fuentes@dtaa.com,Mathematician,2 - ResearchAndEngineering,1 - Research,2 - Lab,Kim Dara Sullivan,IH470321C,794 Hook St,Benwell and Scotswood Ward,Tyne and Wear,NE15 7JA,
September Vielka,Livingston,SVL0940,September.Vielka.Livingston@dtaa.com,SoftwareEngineer,2 - ResearchAndEngineering,2 - SoftwareManagement,6 - Software,Caleb Mason Ball,MR439451A,1 Milton St,Little Missenden,Buckinghamshire,HP16 0DH,
